"Rider","Horse","Apr Place","Apr Score","Apr Points","Jun Place","Jun Score","Jun Points","Jul Place","Jul Score","Jul Points","Sep Place","Sep Score","Sep Points","Total Shows","Total Points","Class"
"Preston J Kent","Einsteins Whiz Kidd","1","72","10","2","73.5","9","","","","","","","2","19","OPEN"
"Bub Poplin","Olenas Gunshot","2","71","9","","","","","","","","","","1","9","OPEN"
"Preston J Kent","Smart Chic Magnum","3","70","7.5","","","","","","","","","","1","7.5","OPEN"
"Preston J Kent","Gotta Get Her Gun","3","70","7.5","","","","","","","","","","1","7.5","OPEN"
"Dan V Myers","Magnums Little Dream","","0","","","","","","","","","","","1","0","OPEN"
"Shannon Brach","HF Chaching Chaching","","0","","","","","","","","","","","1","0","OPEN"
"Shelly A Withers","AJ Moonshine N Juice","","0","","","","","","","","","","","1","0","OPEN"
"Nathan Ivie","Xtra Dr Dun It","","0","","","","","","","","","","","1","0","OPEN"
"Ethan A Willey","Out Late Tonite","","0","","","","","","","","","","","1","0","OPEN"
"Nathan Kent","Roosters Dream Girl","","0","","","","","","","","","","","1","0","OPEN"
"Nathan Kent","A Smokin Star","","0","","","","","","","","","","","1","0","OPEN"
"Caroline Brunson","Blazed By Magnum","","0","","5","72","6","","","","","","","2","6","OPEN"
"Preston J Kent","Sonic Voodoo","","0","","","","","","","","","","","1","0","OPEN"
"Nathan Kent","Lil Josey","","0","","","","","","","","","","","1","0","OPEN"
"Erik Flores","Dunitmobsterstyle","","0","","","","","","","","","","","1","0","OPEN"
"Clint J Anderson","Whiztric","","0","","","","","","","","","","","1","0","OPEN"
"Thomas C Brighton","Tatooedawhizzenchic","","0","","","","","","","","","","","1","0","OPEN"
"Nathan Kent","One Mo Joe","","0","","","","","","","","","","","1","0","OPEN"
"Nathan Kent","LV Hustle N Shine","","0","","","","","","","","","","","1","0","OPEN"
"Nathan Kent","FS Ishine At Nite","","0","","","","","","","","","","","1","0","OPEN"
"Dan V Myers","HF Oakielookinchic","","0","","","","","","","","","","","1","0","OPEN"
"Shannon Brach","Tater","","0","","","","","","","","","","","1","0","OPEN"
"Mack E Weaver","Platinum Per Se","","","","1","74","10","","","","","","","1","10","OPEN"
"Preston J Kent","Shiner Voodoo Time","","","","3","72.5","7.5","","","","","","","1","7.5","OPEN"
"Preston J Kent","Electric Cocktail","","","","6","71.5","5","","","","","","","1","5","OPEN"
"Preston J Kent","Lil Pale Face","","","","7","71","3.5","","","","","","","1","3.5","OPEN"
"Stefaan Bultinck","Shesa Smokin Spark","","","","3","72.5","7.5","","","","","","","1","7.5","OPEN"
"Trysten K Paskett","Mockingbird","","","","7","71","3.5","","","","","","","1","3.5","OPEN"
"Trysten K Paskett","Freeezing Reyn","","","","9","70","2","","","","","","","1","2","OPEN"
"Trysten K Paskett","SS Ifrubieswereguns","","","","","0","","","","","","","","1","0","OPEN"
"Dan V. Myers","Ghost In The Dark","","","","10","69.5","1","","","","","","","1","1","OPEN"
"Matthew McDowell","GPB Smart Voodoo","","","","11","68","0","","","","","","","1","0","OPEN"
"Shannon Brach","Scooters Gunslinger","","","","12","66.5","0","","","","","","","1","0","OPEN"
"Bub Poplin","Bump","","","","","0","","","","","","","","1","0","OPEN"
"Bub Poplin","Olenas Gunshot","1","71","10","","","","","","","","","","1","10","INTERMEDIATE OPEN"
"David A Worley","Spook N Disguise","2","70.5","9","","","","","","","","","","1","9","INTERMEDIATE OPEN"
"Shalyce Jessop","Joe With The Dough","3","63.5","8","3","71.5","8","","","","","","","2","16","INTERMEDIATE OPEN"
"Stefaan Bultinck","LC Luna Star","","0","","","","","","","","","","","1","","INTERMEDIATE OPEN"
"Ethan A Willey","Slick Tricks","","0","","","","","","","","","","","1","","INTERMEDIATE OPEN"
"Travis J Wigen","Tell Me Im Wrong","","0","","","","","","","","","","","1","","INTERMEDIATE OPEN"
"Lindsay Lee Kovick","HF Hollywood Hitman","","0","","","","","","","","","","","1","","INTERMEDIATE OPEN"
"Travis J Wigen","Ruf Wallowa Whiz","","","","","","","","","","","","","","","INTERMEDIATE OPEN"
"Clint J Anderson","Whiztric","","","","1","72","9.5","","","","","","","1","9.5","INTERMEDIATE OPEN"
"Sharon E Fraser","Spook N Disguise","","","","1","72","9.5","","","","","","","1","9.5","INTERMEDIATE OPEN"
"Trysten K Paskett","Mockingbird","","","","4","71","6.5","","","","","","","1","6.5","INTERMEDIATE OPEN"
"Trysten K Paskett","Freeezing Reyn","","","","6","70","5","","","","","","","1","5","INTERMEDIATE OPEN"
"Trysten K Paskett","SS Ifrubieswereguns","","","","","0","","","","","","","","1","","INTERMEDIATE OPEN"
"Maxx Gonzalez","Va Nilla Icce","","","","4","71","6.5","","","","","","","1","6.5","INTERMEDIATE OPEN"
"David A Worley","Spook N Disguise","1","70.5","10","","","","","","","","","","1","10","LIMITED OPEN"
"Angie Willey","Xtra Drinktilhescute","2","67.5","8.5","","","","","","","","","","1","8.5","LIMITED OPEN"
"Maxx Gonzalez","Va Nilla Icce","2","67.5","8.5","4","71","6.5","","","","","","","2","15","LIMITED OPEN"
"Shalyce Jessop","Joe With The Dough","4","63.5","7","3","71.5","8","","","","","","","2","15","LIMITED OPEN"
"Clint J Anderson","Whiztric","","","","1","72","9.5","","","","","","","1","9.5","LIMITED OPEN"
"Sharon E Fraser","Spook N Disguise","","","","1","72","9.5","","","","","","","1","9.5","LIMITED OPEN"
"Shannon Brach","Gunners Shiney Spark","","","","4","71","6.5","","","","","","","1","6.5","LIMITED OPEN"
"Trysten K Paskett","Whata Wondrful World","","","","6","70.5","5","","","","","","","1","5","LIMITED OPEN"
"Shannon Brach","Shining Sugarplum","","","","7","70","4","","","","","","","1","4","LIMITED OPEN"
"Jessica Elaine Harris","Snap n Bend","","","","8","67.5","3","","","","","","","1","3","LIMITED OPEN"
"Maxx Gonzalez","GF Smart Crush","","","","","0","","","","","","","","1","0","LIMITED OPEN"
"Hazel Williamson","Sonic Voodoo","1","71","10","5","68.5","5","","","","","","","2","15","ROOKIE LEVEL 1"
"Ashley V Jackman","SS Im Slim Shady","2","70.5","9","19","62.5","0","","","","","","","2","9","ROOKIE LEVEL 1"
"Heather Williams","A Little More Bliss","3","69.5","8","","","","","","","","","","1","8","ROOKIE LEVEL 1"
"Billie Henderson","Sprocket","4","69","7","","","","","","","","","","1","7","ROOKIE LEVEL 1"
"Kelly Johnston","Olenas Gunshot","5","68.5","6","","","","","","","","","","1","6","ROOKIE LEVEL 1"
"Tristan Jade Moulton","Miss Dry Tag","6","68","5","4","69","7","","","","","","","2","12","ROOKIE LEVEL 1"
"Douglas Graham","Try N Catch The Mob","7","67.5","3.5","1","69.5","9","","","","","","","2","12.5","ROOKIE LEVEL 1"
"Misty D. Palmer","HF Team Dream","7","67.5","3.5","14","65","0","","","","","","","2","3.5","ROOKIE LEVEL 1"
"Gwen Louann Lyman","Walla Dun Good","9","67","0.75","1","69.5","9","","","","","","","2","9.75","ROOKIE LEVEL 1"
"Denielle Maire Jones","Its Vintage Per Se","9","67","0.75","","0","","","","","","","","2","0.75","ROOKIE LEVEL 1"
"Addison Redd","Smart Little Geewhiz","9","67","0.75","","","","","","","","","","1","0.75","ROOKIE LEVEL 1"
"Lisa Stewart","Stylish Low Rider","9","67","0.75","","0","","","","","","","","2","0.75","ROOKIE LEVEL 1"
"Arlynn T Kemp","Electrician","13","66.5","0","5","68.5","5","","","","","","","2","5","ROOKIE LEVEL 1"
"Kriston N. Hill","Crow About Cash","13","66.5","0","","","","","","","","","","1","0","ROOKIE LEVEL 1"
"Bartt Phillips","Smart N Up","13","66.5","0","","","","","","","","","","1","0","ROOKIE LEVEL 1"
"Chaunntel S Pettit","Whizkeygotmespinnin","16","66","0","","","","","","","","","","1","0","ROOKIE LEVEL 1"
"John L. Walsdorf","Rein N Time","16","66","0","","","","","","","","","","1","0","ROOKIE LEVEL 1"
"Dee + A. Oakeson","Mak Daddy","16","66","0","","","","","","","","","","1","0","ROOKIE LEVEL 1"
"Lisa + Oakeson","SS Stellar Starlight","16","66","0","","","","","","","","","","1","0","ROOKIE LEVEL 1"
"Stephanie Morgan Recktenwald","Scooters Gunslinger","16","66","0","10","67","1","","","","","","","2","1","ROOKIE LEVEL 1"
"Kendra Manwaring","All Dun Gamblin","16","66","0","1","69.5","9","","","","","","","2","9","ROOKIE LEVEL 1"
"Trevor Robert Erickson","Lil Cash Now","22","65","0","","","","","","","","","","1","0","ROOKIE LEVEL 1"
"Hadlee Spencer","Skinny Dippin Moonshine","23","64.5","0","12","66","0","","","","","","","2","0","ROOKIE LEVEL 1"
"Phyllis Torgersen","Moonshine Mister","24","64","0","16","64.5","0","","","","","","","2","0","ROOKIE LEVEL 1"
"Jaiden Jessop","A Hard Days Nite","25","63.5","0","","","","","","","","","","1","0","ROOKIE LEVEL 1"
"Ashley Redd","Not Dreamin At All","26","62.5","0","","","","","","","","","","1","0","ROOKIE LEVEL 1"
"James Proctor","Customized Flinn","26","62.5","0","8","67.5","2.5","","","","","","","2","2.5","ROOKIE LEVEL 1"
"Mark S Mackey","A Busy Colonel","28","60.5","0","","","","","","","","","","1","0","ROOKIE LEVEL 1"
"Stephanie Sandberg","Walla Whiz Guns","29","56.5","0","","","","","","","","","","1","0","ROOKIE LEVEL 1"
"Dorothy Wolf","Mandolorian","","0","","22","59","0","","","","","","","2","0","ROOKIE LEVEL 1"
"Gwen Louann Lyman","Sail Away Spook","","0","","","0","","","","","","","","2","0","ROOKIE LEVEL 1"
"Alisa J Martin","Gunnin Dunnin Chic","","0","","","","","","","","","","","1","0","ROOKIE LEVEL 1"
"Kayla Jessop","Custom Bred","","0","","11","66.5","0","","","","","","","2","0","ROOKIE LEVEL 1"
"Taylor K Adams","Coastnintotinseltown","","0","","","","","","","","","","","1","0","ROOKIE LEVEL 1"
"Megan Ray","Aliceinhollywood BB","","0","","14","65","0","","","","","","","2","0","ROOKIE LEVEL 1"
"Elizabeth Kaelin","Slick Tricks","","0","","","","","","","","","","","1","0","ROOKIE LEVEL 1"
"Gavin Rawle","I Slide To Shine","","0","","","","","","","","","","","1","0","ROOKIE LEVEL 1"
"Bridger Mackey","Little Blue Chevelle","","0","","","","","","","","","","","1","0","ROOKIE LEVEL 1"
"Trevor Robert Erickson","O How You Sparkle","","0","","","","","","","","","","","1","0","ROOKIE LEVEL 1"
"Arlynn T Kemp+","Smoken Lil Whiz","","","","","0","","","","","","","","1","0","ROOKIE LEVEL 1"
"Maegan Davis","Roxys Hitman","","","","5","68.5","5","","","","","","","1","5","ROOKIE LEVEL 1"
"Jayme Howard","Taken Down the Mob","","","","8","67.5","2.5","","","","","","","1","2.5","ROOKIE LEVEL 1"
"Kristin Ahmann","Cromed Out Starlite","","","","13","65.5","0","","","","","","","1","0","ROOKIE LEVEL 1"
"Anneli Williams","HF Oakielookinchic","","","","16","64.5","0","","","","","","","1","0","ROOKIE LEVEL 1"
"Natalie Quinn Benvenuti","Light My Nic","","","","18","63","0","","","","","","","1","0","ROOKIE LEVEL 1"
"Charisse Phillips","Angelica","","","","19","62.5","0","","","","","","","1","0","ROOKIE LEVEL 1"
"Carson Hubble Masuisui","Ifihadamiliondollars","","","","21","61.5","0","","","","","","","1","0","ROOKIE LEVEL 1"
"Collett Watkins","MS Electric Crome","","","","","0","","","","","","","","1","0","ROOKIE LEVEL 1"
"Bellamie Davis","Nite Bizness","","","","","0","","","","","","","","1","0","ROOKIE LEVEL 1"
"Berklee Phillips","Xxl Gun","","","","","0","","","","","","","","1","0","ROOKIE LEVEL 1"
"Preston Phillips","LV Pinesail Voodoo","","","","","0","","","","","","","","1","0","ROOKIE LEVEL 1"
"Jessica Watkins","Striker Chic Shine","1","72","10","1","71.5","10","","","","","","","2","20","ROOKIE LEVEL 2"
"Denise Wilstead+","Gotcha","2","69.5","8","2","71","8","","","","","","","2","16","ROOKIE LEVEL 2"
"Stacy Erickson","Setting Off Spooks","2","69.5","8","2","71","8","","","","","","","2","16","ROOKIE LEVEL 2"
"Sammy J Laird","Sunshine N Whizkie","2","69.5","8","5","70.5","6","","","","","","","2","14","ROOKIE LEVEL 2"
"Graceann Nancy Hendricks","HF Got Milk","5","69","6","10","67.5","1","","","","","","","2","7","ROOKIE LEVEL 2"
"Peter Lodder","Freeze N Slide","6","67","4.5","","","","","","","","","","1","4.5","ROOKIE LEVEL 2"
"Lisa Stewart","Stylish Low Rider","6","67","4.5","","0","","","","","","","","2","4.5","ROOKIE LEVEL 2"
"Wesley D Wells","Jessie Smoken Gun","8","65","3","","0","","","","","","","","2","3","ROOKIE LEVEL 2"
"Jessica Elaine Harris","Snap N Bend","9","64.5","2","6","70","5","","","","","","","2","7","ROOKIE LEVEL 2"
"Julie Prows","Mi Scootin Whiz","10","62","1","9","68","2","","","","","","","2","3","ROOKIE LEVEL 2"
"Mark S Mackey","A Busy Colonel","11","60.5","0","","","","","","","","","","1","0","ROOKIE LEVEL 2"
"Bridger Mackey","Little Blue Chevelle","","0","","","","","","","","","","","1","0","ROOKIE LEVEL 2"
"Jeanne A Stout","Surprize Attack","","","","2","71","8","","","","","","","1","8","ROOKIE LEVEL 2"
"Douglas Graham","Try N Catch The Mob","","","","7","69.5","4","","","","","","","1","4","ROOKIE LEVEL 2"
"Stefaan Bultinck","Shesa Smokin Spark","","","","8","68.5","3","","","","","","","1","3","ROOKIE LEVEL 2"
"Emma Howell","Mr Roostar","","","","11","67","0","","","","","","","1","0","ROOKIE LEVEL 2"
"Charisse Phillips","Angelica","","","","12","62.5","0","","","","","","","1","0","ROOKIE LEVEL 2"
"Berklee Phillips","Xxl Gun","","","","","0","","","","","","","","1","0","ROOKIE LEVEL 2"
"Denise Wilstead+","Gotcha","1","69.5","9","1","71","9","","","","","","","2","18","PRIME TIME ROOKIE"
"Stacy Erickson","Setting Off Spooks","1","69.5","9","1","71","9","","","","","","","2","18","PRIME TIME ROOKIE"
"Sammy J Laird","Sunshine N Whizkie","1","69.5","9","4","70.5","7","","","","","","","2","16","PRIME TIME ROOKIE"
"Douglas Graham","Try N Catch The Mob","4","67.5","7","5","69.5","6","","","","","","","2","13","PRIME TIME ROOKIE"
"Denielle Maire Jones","Its Vintage Per Se","5","67","5.5","","","","","","","","","","1","5.5","PRIME TIME ROOKIE"
"Lisa Stewart","Stylish Low Rider","5","67","5.5","","0","","","","","","","","2","5.5","PRIME TIME ROOKIE"
"Joy R Eddards+","Boomernics Cocktail","7","66.5","2.5","","","","","","","","","","1","2.5","PRIME TIME ROOKIE"
"Arlynn T Kemp+","Electrician","7","66.5","2.5","6","68.5","4.5","","","","","","","2","7","PRIME TIME ROOKIE"
"Gina Olsen","Gunz Galore","7","66.5","2.5","","0","","","","","","","","2","2.5","PRIME TIME ROOKIE"
"Kathy Valdez","HF The Freak","7","66.5","2.5","8","68","3","","","","","","","2","5.5","PRIME TIME ROOKIE"
"Chaunntel S Pettit","Whizkeygotmespinnin","11","66","0","","","","","","","","","","1","0","PRIME TIME ROOKIE"
"Dee + A. Oakeson","Mak Daddy","11","66","0","","","","","","","","","","1","0","PRIME TIME ROOKIE"
"Lisa Oakeson+","SS Stellar Starlight","11","66","0","","","","","","","","","","1","0","PRIME TIME ROOKIE"
"Wesley D Wells","Jessie Smoken Gun","14","65","0","","0","","","","","","","","2","0","PRIME TIME ROOKIE"
"Bruce Selk+","Whizful Thinkin","15","60.5","0","10","66.5","1","","","","","","","2","1","PRIME TIME ROOKIE"
"Amanda Graham+","Spooky Vortex","","0","","9","67.5","2","","","","","","","2","2","PRIME TIME ROOKIE"
"Jeanne A Stout","Surprize Attack","","","","1","71","9","","","","","","","1","9","PRIME TIME ROOKIE"
"Arlynn T Kemp+","Smoken Lil Whiz","","","","","0","","","","","","","","1","0","PRIME TIME ROOKIE"
"Stefaan Bultinck","Shesa Smokin Spark","","","","6","68.5","4.5","","","","","","","1","4.5","PRIME TIME ROOKIE"
"Stefaan Bultinck","LC Luna Star","","","","12","63","0","","","","","","","1","0","PRIME TIME ROOKIE"
"Kristin Ahmann","Cromed Out Starlite","","","","11","65.5","0","","","","","","","1","0","PRIME TIME ROOKIE"
"Ruth Armstrong","Mystic Mac","","","","","0","","","","","","","","1","0","PRIME TIME ROOKIE"
"Blakely Bradford","Imasmart Bodee","1","74","10","1","70.5","10","","","","","","","2","20","YOUTH 10 & UNDER"
"Hadlee Redd","Not Dreamin At All","2","69.5","9","","","","","","","","","","1","9","YOUTH 10 & UNDER"
"Kase Watkins","A Steady Dream","","0","","4","65.5","7","","","","","","","2","7","YOUTH 10 & UNDER"
"Aspen Proctor","Customized Flinn","","0","","3","69.5","8","","","","","","","2","8","YOUTH 10 & UNDER"
"Natalie Quinn Benvenuti","Light My Nic","","","","2","70","9","","","","","","","","9","YOUTH 10 & UNDER"
"Gabriela Harmsen","HF Schocker","","","","1","71","10","","","","","","","1","10","YOUTH 13 & UNDER"
"Gwen Louann Lyman","Sail Away Spook","","","","2","70.5","8.5","","","","","","","1","8.5","YOUTH 13 & UNDER"
"Gwen Louann Lyman","Walla Dun Good","","","","2","70.5","8.5","","","","","","","1","8.5","YOUTH 13 & UNDER"
"Hazel Williamson","Sonic Voodoo","","","","4","69","7","","","","","","","1","7","YOUTH 13 & UNDER"
"Blakely Bradford","Imasmart Bodee","","","","5","68","6","","","","","","","1","6","YOUTH 13 & UNDER"
"Natalie Quinn Benvenuti","Light My Nic","","","","6","67.5","4.5","","","","","","","1","4.5","YOUTH 13 & UNDER"
"Brynlee Karren","Mark this Flash","","","","6","67.5","4.5","","","","","","","1","4.5","YOUTH 13 & UNDER"
"Kayla Jessop","Custom Bred","","","","8","67","3","","","","","","","1","3","YOUTH 13 & UNDER"
"McCoy Puffer","Sixbar Golden Peppy","","","","9","66.5","2","","","","","","","1","2","YOUTH 13 & UNDER"
"Oakley Humphrey","This Flinn Like Nic","","","","10","61.5","1","","","","","","","1","1","YOUTH 13 & UNDER"
"Charlee Ann Mabey","Douvoodoolikeido","","","","1","72.5","9.5","","","","","","","1","9.5","YOUTH 14 TO 18"
"Sadie L Martin","NVR Lil Lucky Joe","","","","1","72.5","9.5","","","","","","","1","9.5","YOUTH 14 TO 18"
"Sadie L Martin","NVR Another Lucky Joe","","","","3","71.5","8","","","","","","","1","8","YOUTH 14 TO 18"
"Charlee Ann Mabey","Wind Er Up Wimp","","","","4","71","5.5","","","","","","","1","5.5","YOUTH 14 TO 18"
"Quincy Manwaring","Xtra Wimped Nay Nay","","","","4","71","5.5","","","","","","","1","5.5","YOUTH 14 TO 18"
"Isabella Harmsen","Gunna Have The Dream","","","","4","71","5.5","","","","","","","1","5.5","YOUTH 14 TO 18"
"Hailey N Bird","Va Nilla Icce","","","","4","71","5.5","","","","","","","1","5.5","YOUTH 14 TO 18"
"Shalyce Jessop","Joe With The Dough","","","","8","70.5","3","","","","","","","1","3","YOUTH 14 TO 18"
"Jonni Wright","Shesa Shining Desire","","","","9","68.5","2","","","","","","","1","2","YOUTH 14 TO 18"
"Lacie Savage","A Steady Dream","","","","10","67.5","1","","","","","","","1","1","YOUTH 14 TO 18"
"Hailey N Bird","TR Naughty Dottie","","","","","0","","","","","","","","1","0","YOUTH 14 TO 18"
"Jessica Watkins","Striker Chic Shine","1","70.5","9.5","","","","","","","","","","1","9.5","LIMITED NON PRO"
"Shalawn F Gerratt","New Leader","1","70.5","9.5","","","","","","","","","","1","9.5","LIMITED NON PRO"
"Shalyce Jessop","Joe With The Dough","3","70","7.5","5","70.5","6","","","","","","","2","13.5","LIMITED NON PRO"
"Elizabeth Kaelin","Slick Tricks","3","70","7.5","","","","","","","","","","1","7.5","LIMITED NON PRO"
"Jaiden Jessop","A Hard Days Nite","5","69.5","6","","","","","","","","","","1","6","LIMITED NON PRO"
"Kelly Johnston","Olenas Gunshot","6","69","5","","","","","","","","","","1","5","LIMITED NON PRO"
"Shannon D Porter","Hollywood Fairy Tale","7","68.5","4","9","69.5","0.75","","","","","","","2","4.75","LIMITED NON PRO"
"Taylor Ann Anderson","Smart Chic Magnum","8","68","1.2","6","70","4","","","","","","","2","5.2","LIMITED NON PRO"
"Zachary Schmidt","BH Last Dream","8","68","1.2","","","","","","","","","","1","1.2","LIMITED NON PRO"
"Kriston N. Hill","Crow About Cash","8","68","1.2","","","","","","","","","","1","1.2","LIMITED NON PRO"
"Sadie L Martin","NVR Lil Lucky Joe","8","68","1.2","","","","","","","","","","1","1.2","LIMITED NON PRO"
"Billie Henderson","Sprocket","8","68","1.2","","","","","","","","","","1","1.2","LIMITED NON PRO"
"Jessica Elaine Harris","Snap N Bend","13","67.5","0","","0","","","","","","","","2","0","LIMITED NON PRO"
"Stacy Erickson","Setting Off Spooks","13","67.5","0","1","72","9.5","","","","","","","2","9.5","LIMITED NON PRO"
"Graceann Nancy Hendricks","HF Got Milk","13","67.5","0","4","71","7","","","","","","","2","7","LIMITED NON PRO"
"Joy R Eddards+","Boomernics Cocktail","16","67","0","","","","","","","","","","1","0","LIMITED NON PRO"
"Christine Godfrey","Wimpy Lil Moonshine","17","66.5","0","","","","","","","","","","1","0","LIMITED NON PRO"
"Gwen Louann Lyman","Sail Away Spook","18","66","0","","","","","","","","","","1","0","LIMITED NON PRO"
"Tristan Jade Moulton","Miss Dry Tag","19","65.5","0","13","69","0","","","","","","","2","0","LIMITED NON PRO"
"Gabriela Harmsen","Ruf Rider","19","65.5","0","21","62","0","","","","","","","2","0","LIMITED NON PRO"
"Isabella Harmsen","Special Made Sangria","21","64.5","0","","0","","","","","","","","2","0","LIMITED NON PRO"
"Stephanie Morgan Recktenwald","Scooters Gunslinger","22","64","0","","","","","","","","","","1","0","LIMITED NON PRO"
"Nichole Niermeyer","Apollo Icegunya 76","23","63.5","0","","0","","","","","","","","2","0","LIMITED NON PRO"
"Charisse Phillips","Smart N Up","23","63.5","0","","","","","","","","","","1","0","LIMITED NON PRO"
"Taylor K Adams","Coastnintotinseltown","25","60.5","0","19","67.5","0","","","","","","","2","0","LIMITED NON PRO"
"Julie Prows","Mi Scootin Whiz","","0","","6","70","4","","","","","","","2","4","LIMITED NON PRO"
"Kristina Ann Gilbert","Beanythingyouwannabe","","0","","","","","","","","","","","1","0","LIMITED NON PRO"
"Stephanie Sandberg","Walla Whiz Guns","","0","","","","","","","","","","","1","0","LIMITED NON PRO"
"Madison Bohman","Voodoos New Diamond","","0","","","","","","","","","","","1","0","LIMITED NON PRO"
"Preston Phillips","LV Pinesail Voodoo","","0","","","","","","","","","","","1","0","LIMITED NON PRO"
"Kendra Manwaring","All Dun Gamblin","","0","","17","68.5","0","","","","","","","2","0","LIMITED NON PRO"
"Trevor Robert Erickson","Lil Cash Now","","0","","","","","","","","","","","1","0","LIMITED NON PRO"
"Trevor Robert Erickson","O How You Sparkle","","0","","","","","","","","","","","1","0","LIMITED NON PRO"
"Brilyn Nate Wilson","Nvr Lil Ruf Tinker","","","","1","72","9.5","","","","","","","1","9.5","LIMITED NON PRO"
"Sammy J Laird","Sunshine N Whizkie","","","","3","71.5","8","","","","","","","1","8","LIMITED NON PRO"
"Amanda Graham+","Spooky Vortex","","","","6","70","4","","","","","","","1","4","LIMITED NON PRO"
"Douglas Graham","Try N Catch The Mob","","","","9","69.5","0.75","","","","","","","1","0.75","LIMITED NON PRO"
"Stefaan Bultinck","Shesa Smokin Spark","","","","9","69.5","0.75","","","","","","","1","0.75","LIMITED NON PRO"
"Quincy Manwaring","Xtra Wimped Nay Nay","","","","9","69.5","0.75","","","","","","","1","0.75","LIMITED NON PRO"
"Lisa Stewart","Stylish Low Rider","","","","13","69","0","","","","","","","1","0","LIMITED NON PRO"
"Edwardo Valdez+","Fizzy Berries","","","","13","69","0","","","","","","","","","LIMITED NON PRO"
"Edwardo Valdez+","Dunitmobsterstyle","","","","","0","","","","","","","","","","LIMITED NON PRO"
"Emma Howell","Mr Roostar","","","","13","69","0","","","","","","","","","LIMITED NON PRO"
"Sam N Wells","Jessie Smoken Gun","","","","18","68","0","","","","","","","","","LIMITED NON PRO"
"Hadlee Spencer","Skinny Dippin Moonshine","","","","20","64","0","","","","","","","","","LIMITED NON PRO"
"Belinda S Zundel","Bald And Shiney","","","","","0","","","","","","","","","","LIMITED NON PRO"
"Denielle Maire Jones","Its Vintage Per Se","","","","","0","","","","","","","","","","LIMITED NON PRO"
"Glen B Roach+","Alpha Coronalastchic","1","71","10","","0","","","","","","","","2","10","PRIME TIME NON PRO"
"Juston Palmer","Comin Atcha","2","70.5","8.5","2","71.5","8","","","","","","","2","16.5","PRIME TIME NON PRO"
"Shalawn F Gerratt","New Leader","2","70.5","8.5","","","","","","","","","","1","8.5","PRIME TIME NON PRO"
"Denise Wilstead+","Gotcha","4","70","7","","0","","","","","","","","2","7","PRIME TIME NON PRO"
"Denise L Dunlap+","LC Still Smokin Em","5","68.5","6","5","71","6","","","","","","","2","12","PRIME TIME NON PRO"
"Stacy Erickson","Setting Off Spooks","6","67.5","5","1","72","10","","","","","","","2","15","PRIME TIME NON PRO"
"Joy R Eddards+","Boomernics Cocktail","7","67","3.5","","0","","","","","","","","2","3.5","PRIME TIME NON PRO"
"Juston Palmer","I Am The Boss","7","67","3.5","","","","","","","","","","1","3.5","PRIME TIME NON PRO"
"Christine Godfrey","Wimpy Lil Moonshine","9","66.5","2","","","","","","","","","","1","2","PRIME TIME NON PRO"
"Wesley D Wells","Jessie Smoken Gun","10","62.5","1","12","68","0","","","","","","","2","1","PRIME TIME NON PRO"
"Robyn L Edwards+","Make My Dayz","","0","","10","68.5","0.5","","","","","","","2","0.5","PRIME TIME NON PRO"
"Juston Palmer","SS Old Money","","","","2","71.5","8","","","","","","","1","8","PRIME TIME NON PRO"
"Sammy J Laird","Sunshine N Whizkie","","","","2","71.5","8","","","","","","","1","8","PRIME TIME NON PRO"
"Kathleen Roach+","Blinker Two Point O","","","","6","70.5","5","","","","","","","1","5","PRIME TIME NON PRO"
"Douglas Graham","Try N Catch The Mob","","","","7","69.5","3.5","","","","","","","1","3.5","PRIME TIME NON PRO"
"Stefaan Bultinck","Shesa Smokin Spark","","","","7","69.5","3.5","","","","","","","1","3.5","PRIME TIME NON PRO"
"Lisa Stewart","Stylish Low Rider","","","","9","69","2","","","","","","","1","2","PRIME TIME NON PRO"
"Kevin Farrell Montgomery+","Arctic Sunshine","","","","10","68.5","0.5","","","","","","","1","0.5","PRIME TIME NON PRO"
"Arlynn T Kemp+","Electrician","","","","12","68","0","","","","","","","1","0","PRIME TIME NON PRO"
"Arlynn T Kemp+","Smoken Lil Whiz","","","","14","67","0","","","","","","","1","0","PRIME TIME NON PRO"
"Stefaan Bultinck","LC Luna Star","","","","15","61.5","0","","","","","","","1","0","PRIME TIME NON PRO"
"Belinda S Zundel","Bald And Shiney","","","","","0","","","","","","","","1","0","PRIME TIME NON PRO"
"Collette Ashcroft+","Alley 66","","","","","0","","","","","","","","1","0","PRIME TIME NON PRO"
"Juston Palmer","Fo Sho","","","","","0","","","","","","","","1","0","PRIME TIME NON PRO"
"Preston J Kent","Tine E Dancer","1","70.5","10","1","70.5","9.5","","","","","","","2","19.5","MARES OPEN"
"Bub Poplin","Pumpkinn Spice","2","69.5","9","","","","","","","","","","1","9","MARES OPEN"
"Preston J Kent","Coded Lil Whiz","3","66","8","","","","","","","","","","1","8","MARES OPEN"
"Mack E Weaver","Try N Catch The Mob","","0","","","","","","","","","","","1","0","MARES OPEN"
"Bub Poplin","LC Luna Star","","0","","","","","","","","","","","1","0","MARES OPEN"
"Bub Poplin","I Tink Ya Trashy","","0","","","","","","","","","","","1","0","MARES OPEN"
"Kale Shayne Watkins","MS Electric Crome","","0","","","","","","","","","","","1","0","MARES OPEN"
"Nathan Ivie","GF Smart Crush","","0","","","","","","","","","","","1","0","MARES OPEN"
"Maxx Gonzalez","Va Nilla Icce","","0","","","0","","","","","","","","2","0","MARES OPEN"
"Preston J Kent","Tine E Dancer","","","","1","70.5","9.5","","","","","","","1","9.5","MARES OPEN"
"Preston J Kent","She Cant Hear You","","","","4","68","7","","","","","","","1","7","MARES OPEN"
"Maxx Gonzalez","GF Smart Crush","","","","3","68.5","8","","","","","","","1","8","MARES OPEN"
"Trysten K Paskett","Saltee","","","","","0","","","","","","","","1","0","MARES OPEN"
"Trysten K Paskett","SS Ifrubieswereguns","","","","","0","","","","","","","","1","0","MARES OPEN"
"Trysten K Paskett","Mockingbird","","","","","0","","","","","","","","1","0","MARES OPEN"
"Trysten K Paskett","Whata Wondrful World","","","","","0","","","","","","","","1","0","MARES OPEN"
"Katy Alger","spooks helluva gun","","","","5","67.5","6","","","","","","","1","6","MARES OPEN"
"Carson Hubble Masuisui","Ifihadamiliondollars","","","","6","65.5","5","","","","","","","1","5","MARES OPEN"
"Kathryn Hadfield","Shinomatic","","","","","0","","","","","","","","1","0","MARES OPEN"
"Matthew McDowell","Tilly","","","","","0","","","","","","","","","0","MARES OPEN"
"Matthew McDowell","Arctic Sunshine","","","","","0","","","","","","","","","0","MARES OPEN"
"Taylor Ann Anderson","Smart Chic Magnum","1","70","10","2","71","9","","","","","","","2","19","MARES NON PRO"
"Sammy J Laird","Sunshine N Whizkie","2","68.5","9","1","71.5","10","","","","","","","2","19","MARES NON PRO"
"Kriston N. Hill","Crow About Cash","3","62.5","8","","","","","","","","","","1","8","MARES NON PRO"
"Shannon D Porter","Hollywood Fairy Tale","","0","","","","","","","","","","","1","0","MARES NON PRO"
"Laura Lee Mueller+","Banjosfiftyshades","","0","","","","","","","","","","","1","0","MARES NON PRO"
"Wesley D Wells","Jessie Smoken Gun","","0","","6","63","5","","","","","","","2","5","MARES NON PRO"
"Alisa J Martin","Gunnin Dunnin Chic","","0","","","","","","","","","","","1","0","MARES NON PRO"
"Kendra Manwaring","All Dun Gamblin","","0","","","","","","","","","","","1","0","MARES NON PRO"
"Roberto McCurdy","Miss Joe Magnum","","0","","","","","","","","","","","1","0","MARES NON PRO"
"Katy Alger","Spooks Helluva Gun","","0","","","","","","","","","","","1","0","MARES NON PRO"
"Hailey N Bird","TR Naughty Dottie","","","","3","70.5","8","","","","","","","1","8","MARES NON PRO"
"Sarai Laney Williamson","Shining Infernally","","","","4","70","7","","","","","","","1","7","MARES NON PRO"
"Stephanie Morgan Recktenwald","Scooters Gunslinger","","","","5","64","6","","","","","","","1","6","MARES NON PRO"
"Stefaan Bultinck","Shesa Smokin Spark","","","","","0","","","","","","","","1","0","MARES NON PRO"
"Stacy Erickson","Setting Off Spooks","","","","","0","","","","","","","","1","0","MARES NON PRO"
"Edwardo Valdez+","Dunitmobsterstyle","","","","","0","","","","","","","","1","0","MARES NON PRO"
"Edwardo Valdez+","Fizzy Berries","","","","","0","","","","","","","","1","0","MARES NON PRO"
"Brilyn Nate Wilson","Nvr Lil Ruf Tinker","","","","","0","","","","","","","","1","0","MARES NON PRO"
"Zack Bourn","Trashy Talkin Chic","","","","","0","","","","","","","","1","0","MARES NON PRO"
"Mack E Weaver","Yellowstone","1","67.5","10","","","","","","","","","","1","10","GREEN HORSE OPEN"
"Kale Shayne Watkins","Trashy Voodoo","2","55","9","3","67.5","8","","","","","","","2","","GREEN HORSE OPEN"
"Ashley Weaver","HA Tricked By Angel","","","","1","71.5","10","","","","","","","1","","GREEN HORSE OPEN"
"Maxx Gonzalez","Inferno S On Fire","","","","2","71","9","","","","","","","1","","GREEN HORSE OPEN"
"Steve Talbot","Gunna Be Gallant","1","65","10","1","66.5","10","","","","","","","2","20","GREEN HORSE NP"
"Sammy J Laird","No Boyz Required","2","43","9","","","","","","","","","","1","","GREEN HORSE NP"
"Melissa Wigen","Back In The Daze","1","71.5","10","","","","","","","","","","1","10","NOVICE HORSE NON PRO L1"
"Taylor Ann Anderson","Smart Chic Magnum","2","70","8.5","4","71","6.5","","","","","","","2","15","NOVICE HORSE NON PRO L1"
"Denise Wilstead+","Gotcha","2","70","8.5","10","69.5","0.1428571429","","","","","","","2","8.642857143","NOVICE HORSE NON PRO L1"
"Steve Tyner","HF Chaching Chaching","4","69.5","6.5","","","","","","","","","","1","6.5","NOVICE HORSE NON PRO L1"
"Jamie Bascom","One Shiny Whiz","4","69.5","6.5","","","","","","","","","","1","6.5","NOVICE HORSE NON PRO L1"
"Robyn L Edwards+","Make My Dayz","6","69","5","10","69.5","0.1428571429","","","","","","","2","5.142857143","NOVICE HORSE NON PRO L1"
"Heather Williams","A Little More Bliss","7","68.5","3.5","","","","","","","","","","1","3.5","NOVICE HORSE NON PRO L1"
"Kristina Ann Gilbert","Beanythingyouwannabe","7","68.5","3.5","","","","","","","","","","1","3.5","NOVICE HORSE NON PRO L1"
"Nichole Niermeyer","Apollo Icegunya 76","9","68","1","6","70.5","4","","","","","","","2","5","NOVICE HORSE NON PRO L1"
"Christine Godfrey","Wimpy Lil Moonshine","9","68","1","","","","","","","","","","1","1","NOVICE HORSE NON PRO L1"
"Jessica Elaine Harris","Snap n Bend","9","68","1","10","69.5","0.1428571429","","","","","","","2","1.142857143","NOVICE HORSE NON PRO L1"
"Lisa Oakeson+","SS Stellar Starlight","12","67.5","0","","","","","","","","","","1","0","NOVICE HORSE NON PRO L1"
"Kriston N Hill","Crow About Cash","12","67.5","0","","","","","","","","","","1","0","NOVICE HORSE NON PRO L1"
"Zachary Schmidt","BH Last Dream","14","67","0","","","","","","","","","","1","0","NOVICE HORSE NON PRO L1"
"Hailey N Bird","TR Naughty Dottie","14","67","0","6","70.5","4","","","","","","","2","4","NOVICE HORSE NON PRO L1"
"Kathy Valdez","HF The Freak","14","67","0","17","69","0","","","","","","","2","0","NOVICE HORSE NON PRO L1"
"Ric Keele","SS Bewitched","17","66.5","0","","","","","","","","","","1","0","NOVICE HORSE NON PRO L1"
"Kendra Manwaring","All Dun Gamblin","18","65.5","0","10","69.5","0.1428571429","","","","","","","2","0.1428571429","NOVICE HORSE NON PRO L1"
"Kayla Jessop","Custom Bred","19","64.5","0","20","68","0","","","","","","","2","0","NOVICE HORSE NON PRO L1"
"Hailey N Bird","Out Late Tonite","19","64.5","0","","","","","","","","","","1","0","NOVICE HORSE NON PRO L1"
"Stephanie Morgan Recktenwald","Scooters Gunslinger","21","64","0","23","67","0","","","","","","","2","0","NOVICE HORSE NON PRO L1"
"Taylor K Adams","Coastnintotinseltown","22","63","0","10","69.5","0.1428571429","","","","","","","2","0.1428571429","NOVICE HORSE NON PRO L1"
"Juston Palmer","I Am The Boss","23","62.5","0","32","62.5","0","","","","","","","2","0","NOVICE HORSE NON PRO L1"
"Claudette Palmer+","Vintage Wisdom","24","58.5","0","","","","","","","","","","1","0","NOVICE HORSE NON PRO L1"
"Stefaan Bultinck","LC Luna Star","","0","","33","57","0","","","","","","","2","0","NOVICE HORSE NON PRO L1"
"Dorothy Wolf","Mandolorian","","0","","","0","","","","","","","","2","0","NOVICE HORSE NON PRO L1"
"Claudette Palmer+","Ghost In The Dark","","0","","26","66.5","0","","","","","","","2","0","NOVICE HORSE NON PRO L1"
"Steve Tyner","Alley 66","","0","","","","","","","","","","","1","0","NOVICE HORSE NON PRO L1"
"Wesley D Wells","Jessie Smoken Gun","","0","","","","","","","","","","","1","0","NOVICE HORSE NON PRO L1"
"Sadie L Martin","NVR Another Lucky joe","","0","","","","","","","","","","","1","0","NOVICE HORSE NON PRO L1"
"Sadie L Martin","Thee Architect","","0","","","","","","","","","","","1","0","NOVICE HORSE NON PRO L1"
"Shalyce Jessop","Joe With The Dough","","0","","6","70.5","4","","","","","","","2","4","NOVICE HORSE NON PRO L1"
"Billie Henderson","Sprocket","","0","","","","","","","","","","","1","0","NOVICE HORSE NON PRO L1"
"Graceann Nancy Hendricks","HF Got Milk","","0","","17","69","0","","","","","","","2","0","NOVICE HORSE NON PRO L1"
"Gina Olsen","Gunz Galore","","0","","","","","","","","","","","1","0","NOVICE HORSE NON PRO L1"
"Madison Bohman","Voodoos New Diamond","","0","","","","","","","","","","","1","0","NOVICE HORSE NON PRO L1"
"Callie E Abing","West Coast Inferno","","","","","","","","","","","","","","0","NOVICE HORSE NON PRO L1"
"Juston Palmer","Fo Sho","","","","1","72.5","10","","","","","","","1","10","NOVICE HORSE NON PRO L1"
"Stacy Erickson","Setting Off Spooks","","","","2","71.5","8.5","","","","","","","1","8.5","NOVICE HORSE NON PRO L1"
"Sarai Laney Williamson","Shining Infernally","","","","2","71.5","8.5","","","","","","","1","8.5","NOVICE HORSE NON PRO L1"
"Gwen Louann Lyman","Walla Dun Good","","","","4","71","6.5","","","","","","","1","6.5","NOVICE HORSE NON PRO L1"
"Anneli Williams","HF Oakielookinchic","","","","9","70","2","","","","","","","1","2","NOVICE HORSE NON PRO L1"
"Tristan Jade Moulton","Miss Dry Tag","","","","10","69.5","0.1428571429","","","","","","","1","0.1428571429","NOVICE HORSE NON PRO L1"
"Bellamie Davis","Nite Bizness","","","","10","69.5","0.1428571429","","","","","","","1","0.1428571429","NOVICE HORSE NON PRO L1"
"Sam N Wells","Jessie Smoken Gun","","","","17","69","0","","","","","","","1","0","NOVICE HORSE NON PRO L1"
"Gwen Louann Lyman","Sail Away Spook","","","","21","67.5","0","","","","","","","1","0","NOVICE HORSE NON PRO L1"
"Maegan Davis","Roxys Hitman","","","","21","67.5","0","","","","","","","1","0","NOVICE HORSE NON PRO L1"
"Natalie Quinn Benvenuti","Light My Nic","","","","23","67","0","","","","","","","1","0","NOVICE HORSE NON PRO L1"
"Jeanne A Stout","Surprize Attack","","","","23","67","0","","","","","","","1","0","NOVICE HORSE NON PRO L1"
"Amanda Graham+","Spooky Vortex","","","","26","66.5","0","","","","","","","1","0","NOVICE HORSE NON PRO L1"
"Collette Ashcroft+","Alley 66","","","","28","65.5","0","","","","","","","1","0","NOVICE HORSE NON PRO L1"
"Quincy Manwaring","Xtra Wimped Nay Nay","","","","29","65","0","","","","","","","1","0","NOVICE HORSE NON PRO L1"
"Denielle Maire Jones","Its Vintage Per Se","","","","30","63","0","","","","","","","1","0","NOVICE HORSE NON PRO L1"
"Hadlee Spencer","Skinny Dippin Moonshine","","","","30","63","0","","","","","","","1","0","NOVICE HORSE NON PRO L1"
"Hailey N Bird","Inferno S On Fire","","","","","0","","","","","","","","1","0","NOVICE HORSE NON PRO L1"
"Juston Palmer","SS Old Money","","","","","0","","","","","","","","1","0","NOVICE HORSE NON PRO L1"
"Daryl Grant+","Diddley Moo","","","","","0","","","","","","","","1","0","NOVICE HORSE NON PRO L1"
"Sarai Laney Williamson","Shiner Voodoo Time","1","73","10","1","73","10","","","","","","","2","20","NOVICE HORSE NP L2"
"Lindsay Lee Kovick","HF Hollywood Hitman","2","72.5","9","","","","","","","","","","1","9","NOVICE HORSE NP L2"
"Juston Palmer","Comin Atcha","3","71.5","8","2","72.5","9","","","","","","","2","17","NOVICE HORSE NP L2"
"Taylor Ann Anderson","Smart Chic Magnum","4","70","7","6","71","5","","","","","","","2","12","NOVICE HORSE NP L2"
"Steve Tyner","HF Chaching Chaching","5","69.5","5.5","","","","","","","","","","1","5.5","NOVICE HORSE NP L2"
"Stacy Erickson","Setting Off Spooks","5","69.5","5.5","4","71.5","6.5","","","","","","","2","12","NOVICE HORSE NP L2"
"Robyn L Edwards+","Make My Dayz","7","69","3.5","11","69.5","0","","","","","","","2","3.5","NOVICE HORSE NP L2"
"Sarai Laney Williamson","Sonic Voodoo","7","69","3.5","7","70.5","2.5","","","","","","","2","6","NOVICE HORSE NP L2"
"Shelly A Withers","AJ Moonshine N Juice","9","68.5","1.5","","0","","","","","","","","2","1.5","NOVICE HORSE NP L2"
"Jill S Cook","Dreamn N Hollywood","9","68.5","1.5","","","","","","","","","","1","1.5","NOVICE HORSE NP L2"
"Nichole Niermeyer","Apollo Icegunya 76","11","68","0","7","70.5","2.5","","","","","","","2","2.5","NOVICE HORSE NP L2"
"Belinda S Zundel","Bald And Shiney","12","67.5","0","16","66.5","0","","","","","","","2","0","NOVICE HORSE NP L2"
"Pete Lodder","Freeze N Slide","13","67","0","","","","","","","","","","1","0","NOVICE HORSE NP L2"
"Hailey N Bird","TR Naughty Dottie","13","67","0","7","70.5","2.5","","","","","","","2","2.5","NOVICE HORSE NP L2"
"Shannon D Porter","Hollywood Fairy Tale","15","66.5","0","3","72","8","","","","","","","2","8","NOVICE HORSE NP L2"
"Ric Keele","SS Bewitched","15","66.5","0","","","","","","","","","","1","0","NOVICE HORSE NP L2"
"Isabella Harmsen","Special made Sangria","15","66.5","0","12","69","0","","","","","","","2","0","NOVICE HORSE NP L2"
"Dee A Oakeson+","Mak Daddy","18","65","0","","","","","","","","","","1","0","NOVICE HORSE NP L2"
"Gabriala Harmsen","Ruf Rider","19","64.5","0","14","67.5","0","","","","","","","2","0","NOVICE HORSE NP L2"
"Chaunntel S Pettit","Whiskeygotmespinnin","","0","","","","","","","","","","","1","0","NOVICE HORSE NP L2"
"Amanda Graham+","Spooky Vortex","","0","","","","","","","","","","","1","0","NOVICE HORSE NP L2"
"Steve Tyner","Alley 66","","0","","","","","","","","","","","1","0","NOVICE HORSE NP L2"
"Lindsay Memmott","Gunslinger jaci","","0","","","","","","","","","","","1","0","NOVICE HORSE NP L2"
"Hailey N Bird","Va Nilla Icce","","","","4","71.5","6.5","","","","","","","1","6.5","NOVICE HORSE NP L2"
"Kevin Farrell Montgomery+","Arctic Sunshine","","","","7","70.5","2.5","","","","","","","1","2.5","NOVICE HORSE NP L2"
"Juston Palmer","HF Team Dream","","","","12","69","0","","","","","","","1","0","NOVICE HORSE NP L2"
"Jeanne A Stout","Surprize Attack","","","","15","67","0","","","","","","","1","0","NOVICE HORSE NP L2"
"Stefaan Bultinck","Shesa Smokin Spark","","","","16","66.5","0","","","","","","","1","0","NOVICE HORSE NP L2"
"Kathleen Roach+","Blinker Two Point O","","","","","0","","","","","","","","1","0","NOVICE HORSE NP L2"
"Sarai S Williamson","Shiner Voodoo Time","1","73","10","1","73","10","","","","","","","2","20","NOVICE HORSE NP L3"
"Shalawn F Gerratt","New Leader","2","72.5","9","","","","","","","","","","1","9","NOVICE HORSE NP L3"
"Charlee Ann Mabey","Winder Er Up Wimp","3","72","8","4","72","6","","","","","","","2","14","NOVICE HORSE NP L3"
"Denise L Dunlap+","LC Still Smokin Em","4","71.5","6.5","8","70.5","2","","","","","","","2","8.5","NOVICE HORSE NP L3"
"Steve Tyner","Magnums Little Dream","6","70","5","","","","","","","","","","1","5","NOVICE HORSE NP L3"
"Robyn L Edwards+","Make My Dayz","7","69","4","12","69.5","0","","","","","","","2","4","NOVICE HORSE NP L3"
"Charlee Ann Mabey","Douvoodoolikeido","8","68.5","3","4","72","6","","","","","","","2","9","NOVICE HORSE NP L3"
"Nichole Niermeyer","Apollo Icegunya 76","9","68","2","8","70.5","2","","","","","","","2","4","NOVICE HORSE NP L3"
"Douglas Graham","Try N Catch The Mob","10","67.5","1","11","70","0","","","","","","","2","1","NOVICE HORSE NP L3"
"Shannon D Porter","Hollywood Fairy Tale","11","66.5","0","4","72","6","","","","","","","2","6","NOVICE HORSE NP L3"
"Arlynn T Kemp+","Electrician","12","65","0","15","67","0","","","","","","","2","0","NOVICE HORSE NP L3"
"Juston Palmer","Comin Atcha","4","71.5","6.5","2","72.5","8.5","","","","","","","2","15","NOVICE HORSE NP L3"
"Bruce Selk+","Whizful Thinkin","","0","","","","","","","","","","","1","0","NOVICE HORSE NP L3"
"Greg D Petersen","Get Bac Jojo","","0","","","","","","","","","","","1","0","NOVICE HORSE NP L3"
"Diance Stuart","Must Be A Magnum","","0","","","","","","","","","","","1","0","NOVICE HORSE NP L3"
"Glen B Roach+","Alpha Coronalastchic","","","","2","72.5","8.5","","","","","","","1","8.5","NOVICE HORSE NP L3"
"Stacy Erickson","Setting Off Spooks","","","","7","71.5","4","","","","","","","1","4","NOVICE HORSE NP L3"
"Sarai Laney Williamson","Sonic Voodoo","","","","8","70.5","2","","","","","","","1","2","NOVICE HORSE NP L3"
"Emma Howell","Mr Roostar","","","","12","69.5","0","","","","","","","1","0","NOVICE HORSE NP L3"
"Juston Palmer","HF Team Dream","","","","14","69","0","","","","","","","1","0","NOVICE HORSE NP L3"
"Jeanne A Stout","Surprize Attack","","","","15","67","0","","","","","","","1","0","NOVICE HORSE NP L3"
"Kathleen Roach+","Blinker Two Point O","","","","","0","","","","","","","","1","0","NOVICE HORSE NP L3"
"Preston J Kent","Tine E Dancer","1","71.5","9.5","","","","","","","","","","1","9.5","NOVICE HORSE OPEN L1"
"Clint J Anderson","Whiztric","1","71.5","9.5","","","","","","","","","","1","9.5","NOVICE HORSE OPEN L1"
"Maxx Gonzalez","Hot Chex Hickory","3","69.5","7","","","","","","","","","","1","7","NOVICE HORSE OPEN L1"
"Preston J Kent","Gunshine For Chic","3","69.5","7","","","","","","","","","","1","7","NOVICE HORSE OPEN L1"
"Mack E Weaver","SRV Voodoo Child","3","69.5","7","2","71.5","8.5","","","","","","","2","15.5","NOVICE HORSE OPEN L1"
"Kale Shayne Watkins","Striker Chic Shine","6","69","4","","","","","","","","","","1","4","NOVICE HORSE OPEN L1"
"Travis J Wigen","Walla In A Million","6","69","4","","","","","","","","","","1","4","NOVICE HORSE OPEN L1"
"Nathan Kent","FS Ishine At Nite","6","69","4","","","","","","","","","","1","4","NOVICE HORSE OPEN L1"
"Preston J Kent","Electric Cocktail","9","68","1.5","4","71","6","","","","","","","2","7.5","NOVICE HORSE OPEN L1"
"Shannon Brach","Tater","9","68","1.5","","","","","","","","","","1","1.5","NOVICE HORSE OPEN L1"
"Taylor Ann Anderson","Smart Chic Magnum","11","67.5","0","","","","","","","","","","1","0","NOVICE HORSE OPEN L1"
"Nathan Ivie","SS Bewitched","11","67.5","0","","","","","","","","","","1","0","NOVICE HORSE OPEN L1"
"Preston J Kent","Gotta Get Her Gun","13","67","0","","","","","","","","","","1","0","NOVICE HORSE OPEN L1"
"Erik Flores","Wherez Da Gurlz","14","65.5","0","","","","","","","","","","1","0","NOVICE HORSE OPEN L1"
"Jessica Elaine Harris","Snap N Bend","15","65","0","","","","","","","","","","1","0","NOVICE HORSE OPEN L1"
"Preston J Kent","Dream Of Guns","15","65","0","","","","","","","","","","1","0","NOVICE HORSE OPEN L1"
"Preston J Kent","Topsailmobsterdunit","17","64.5","0","","","","","","","","","","1","0","NOVICE HORSE OPEN L1"
"Mack E Weaver","Apollo Icegunya 76","","0","","","","","","","","","","","1","0","NOVICE HORSE OPEN L1"
"Shannon D Porter","Hollywood Fairy Tale","","0","","","","","","","","","","","1","0","NOVICE HORSE OPEN L1"
"Bub Poplin","LC Luna Star","","0","","","","","","","","","","","1","0","NOVICE HORSE OPEN L1"
"Shannon Brach","HF Chaching Chaching","","0","","","","","","","","","","","1","0","NOVICE HORSE OPEN L1"
"David A Worley","Gunnin Dunnin Chic","","0","","","","","","","","","","","1","0","NOVICE HORSE OPEN L1"
"David A Worley","Hell Or Hy Water","","0","","","","","","","","","","","1","0","NOVICE HORSE OPEN L1"
"Billie Henderson","Sprocket","","0","","","","","","","","","","","1","0","NOVICE HORSE OPEN L1"
"Kristina Ann Gilbert","Beanythingyouwannabe","","0","","","","","","","","","","","1","0","NOVICE HORSE OPEN L1"
"Stephanie Sandberg","Walla Whiz Guns","","0","","","","","","","","","","","1","0","NOVICE HORSE OPEN L1"
"Ethan A. Willey","One Shiny Whiz","","0","","","","","","","","","","","1","0","NOVICE HORSE OPEN L1"
"Dan V. Myers","Voodoos New Diamond","","0","","","","","","","","","","","1","0","NOVICE HORSE OPEN L1"
"Diane Stuart","Must Be A Magnum","","0","","","","","","","","","","","1","0","NOVICE HORSE OPEN L1"
"Nathan Kent","Roosters Dream Girl","","0","","","","","","","","","","","1","0","NOVICE HORSE OPEN L1"
"Bub Poplin","Pumpkinn Spice","","0","","","","","","","","","","","1","0","NOVICE HORSE OPEN L1"
"Nathan Kent","Lil Josey","","0","","","","","","","","","","","1","0","NOVICE HORSE OPEN L1"
"Travis J Wigen","Back In The Daze","","0","","","","","","","","","","","1","0","NOVICE HORSE OPEN L1"
"Erik Flores","Dunitmobsterstyle","","0","","","","","","","","","","","1","0","NOVICE HORSE OPEN L1"
"Preston Phillips","LV Pinesail Voodoo","","0","","","","","","","","","","","","","NOVICE HORSE OPEN L1"
"Travis J Wigen","Ruf Wallowa Whiz","","0","","","","","","","","","","","","","NOVICE HORSE OPEN L1"
"Nathan Kent","Allegro Sixty Six","","0","","","","","","","","","","","","","NOVICE HORSE OPEN L1"
"Nathan Kent","LV Hustle N Shine","","0","","","","","","","","","","","","","NOVICE HORSE OPEN L1"
"Dan V. Myers","HF Oakielookinchic","","0","","","","","","","","","","","","","NOVICE HORSE OPEN L1"
"Dan V. Myers","It Dont Come Eazy","","0","","","","","","","","","","","","","NOVICE HORSE OPEN L1"
"Shannon Brach","HF MLB Groupie","","0","","","","","","","","","","","","","NOVICE HORSE OPEN L1"
"Dan V. Myers","Ginger","","0","","","","","","","","","","","","","NOVICE HORSE OPEN L1"
"Matthew McDowell","GPB Smart Voodoo","","","","1","72","10","","","","","","","","","NOVICE HORSE OPEN L1"
"Scott Worthen","SS Ifrubieswereguns","","","","2","71.5","8.5","","","","","","","","","NOVICE HORSE OPEN L1"
"Preston J Kent","Shining Infernally","","","","4","71","6","","","","","","","","","NOVICE HORSE OPEN L1"
"Trysten K Paskett","Mockingbird","","","","4","71","6","","","","","","","","","NOVICE HORSE OPEN L1"
"Eric Ward","Whata Wondrful World","","","","7","70","4","","","","","","","","","NOVICE HORSE OPEN L1"
"Nathan Kent","A Smokin Star","1","72.5","10","","","","","","","","","","1","10","NOVICE HORSE OPEN L2"
"Mack E Weaver","SRV Voodoo Child","2","69.5","8.5","2","71.5","8.5","","","","","","","2","17","NOVICE HORSE OPEN L2"
"Nathan Kent","One Mo Joe","2","69.5","8.5","","","","","","","","","","1","8.5","NOVICE HORSE OPEN L2"
"Maxx Gonzalez","Va Nilla Icce","4","69","7","","","","","","","","","","1","7","NOVICE HORSE OPEN L2"
"Ali Dances+","Almost Irish","5","68","5.5","","","","","","","","","","1","5.5","NOVICE HORSE OPEN L2"
"Preston J Kent","Electric Cocktail","5","68","5.5","","","","","","","","","","1","5.5","NOVICE HORSE OPEN L2"
"Nathan Ivie","SS Bewitched","7","67.5","4","","","","","","","","","","1","4","NOVICE HORSE OPEN L2"
"Preston J Kent","Gotta Get Her Gun","8","67","2.5","","","","","","","","","","1","2.5","NOVICE HORSE OPEN L2"
"Thomas C Brighton","Tatooedawhizzenchic","8","67","2.5","","","","","","","","","","1","2.5","NOVICE HORSE OPEN L2"
"Preston J Kent","Dream Of Guns","10","65","1","","","","","","","","","","1","1","NOVICE HORSE OPEN L2"
"Mack E Weaver","Whizkeygotmespinnin","","0","","","","","","","","","","","1","0","NOVICE HORSE OPEN L2"
"Belinda S Zundel","Bald And Shiney","","0","","","","","","","","","","","1","0","NOVICE HORSE OPEN L2"
"Mack E Weaver","Platinum Per Se","","0","","","","","","","","","","","1","0","NOVICE HORSE OPEN L2"
"Bub Poplin","Dreamn N Hollywood","","0","","","","","","","","","","","1","0","NOVICE HORSE OPEN L2"
"Lindsay Lee Kovick","HF Hollywood Hitman","","0","","","","","","","","","","","1","0","NOVICE HORSE OPEN L2"
"Matthew McDowell","GPB Smart Voodoo","","","","1","72","10","","","","","","","1","10","NOVICE HORSE OPEN L2"
"Scott Worthen","SS Ifrubieswereguns","","","","2","71.5","8.5","","","","","","","1","8.5","NOVICE HORSE OPEN L2"
"Trysten K Paskett","Mockingbird","","","","4","71","7","","","","","","","1","7","NOVICE HORSE OPEN L2"
"Eric Ward","Freeezing Reyn","","","","5","70","5.5","","","","","","","1","5.5","NOVICE HORSE OPEN L2"
"Eric Ward","Whata Wondrful World","","","","5","70","5.5","","","","","","","1","5.5","NOVICE HORSE OPEN L2"
"Matthew McDowell","SS Supa Fly","","","","","0","","","","","","","","1","0","NOVICE HORSE OPEN L2"
"Sarai Laney Williamson","Shiner Voodoo Time","1","72","10","1","73.5","9.5","","","","","","","2","19.5","NON PRO"
"Jessica Watkins","Striker Chic Shine","2","71.5","9","3","73","8","","","","","","","2","17","NON PRO"
"Juston Palmer","Comin Atcha","3","71","8","5","70.5","5","","","","","","","2","13","NON PRO"
"Sarai Laney Williamson","Sonic Voodoo","4","70.5","6.5","8","69.5","3","","","","","","","2","9.5","NON PRO"
"Hailey N Bird","Va Nilla Icce","4","70.5","6.5","","","","","","","","","","1","6.5","NON PRO"
"Steve Tyner+","Magnums Little Dream","6","70","4","5","70.5","5","","","","","","","2","9","NON PRO"
"Ric Keele","SS Bewitched","6","70","4","","","","","","","","","","1","4","NON PRO"
"Caroline Brunson","Blazed By Magnum","6","70","4","1","73.5","9.5","","","","","","","2","13.5","NON PRO"
"Juston Palmer","I Am The Boss","9","68.5","2","","","","","","","","","","1","2","NON PRO"
"Nichole Niermeyer","Apollo Icegunya 76","10","67","1","9","68","0.75","","","","","","","2","1.75","NON PRO"
"Kendra Manwaring","All Dun Gamblin","11","62.5","0","","","","","","","","","","1","0","NON PRO"
"Sammy J Laird","Drako","12","56","0","","","","","","","","","","1","0","NON PRO"
"Denise L Dunlap+","LC Still Smokin Em","","0","","4","72.5","7","","","","","","","2","7","NON PRO"
"Steve Tyner+","HF Chaching Chaching","","0","","","","","","","","","","","1","0","NON PRO"
"Julie Prows","Mi Scootin Whiz","","0","","","","","","","","","","","1","0","NON PRO"
"Taylor Ann Anderson","Smart Chic Magnum","","","","5","70.5","5","","","","","","","1","5","NON PRO"
"Juston Palmer","SS Old Money","","","","9","68","0.75","","","","","","","1","0.75","NON PRO"
"Juston Palmer","Fo Sho","","","","13","67","0","","","","","","","1","0","NON PRO"
"Stefaan Bultinck","Shesa Smokin Spark","","","","9","68","0.75","","","","","","","1","0.75","NON PRO"
"Stephanie Morgan Recktenwald","Scooters Gunslinger","","","","9","68","0.75","","","","","","","1","0.75","NON PRO"
"Joy R Eddards+","Boomernics Cocktail","","","","","0","","","","","","","","1","0","NON PRO"
"Zack Bourn","Trashy Talkin Chic","","","","","0","","","","","","","","1","0","NON PRO"
"Sarai Laney Williamson","Shiner Voodoo Time","1","72","10","1","73.5","10","","","","","","","2","20","INTERMEDIATE NON PRO"
"Juston Palmer","Comin Atcha","2","71","8.5","5","70.5","4.5","","","","","","","2","13","INTERMEDIATE NON PRO"
"Shelly A Withers","AJ Moonshine N Juice","2","71","8.5","","","","","","","","","","1","8.5","INTERMEDIATE NON PRO"
"Sarai Laney Williamson","Sonic Voodoo","4","70.5","7","10","69.5","1","","","","","","","2","8","INTERMEDIATE NON PRO"
"Steve Tyner+","Magnums Little Dream","5","70","6","5","70.5","4.5","","","","","","","2","10.5","INTERMEDIATE NON PRO"
"Juston Palmer","I Am The Boss","6","68.5","5","","","","","","","","","","1","5","INTERMEDIATE NON PRO"
"Peter Lodder+","Freeze N Slide","7","68","4","","","","","","","","","","1","4","INTERMEDIATE NON PRO"
"Nichole Niermeyer","Apollo Icegunya 76","8","67","2.5","11","68","0","","","","","","","2","2.5","INTERMEDIATE NON PRO"
"Robyn L Edwards+","Make My Dayz","8","67","2.5","9","70","2","","","","","","","2","4.5","INTERMEDIATE NON PRO"
"Stefaan Bultinck","LC Luna Star","10","61.5","1","","","","","","","","","","1","1","INTERMEDIATE NON PRO"
"Taylor Ann Anderson","Smart Chic Magnum","","0","","5","70.5","4.5","","","","","","","2","4.5","INTERMEDIATE NON PRO"
"Steve Tyner+","HF Chaching Chaching","","0","","","","","","","","","","","1","0","INTERMEDIATE NON PRO"
"Sadie L Martin","NVR Another Lucky Joe","","0","","","","","","","","","","","1","0","INTERMEDIATE NON PRO"
"Shalyce Jessop","Joe With The Dough","","","","2","73","8.5","","","","","","","1","","INTERMEDIATE NON PRO"
"Jessica Watkins","Striker Chic Shine","","","","2","73","8.5","","","","","","","1","","INTERMEDIATE NON PRO"
"Quincy Manwaring","Xtra Wimped Nay Nay","","","","4","71","7","","","","","","","1","","INTERMEDIATE NON PRO"
"Juston Palmer","SS Old Money","","","","11","68","0","","","","","","","1","","INTERMEDIATE NON PRO"
"Juston Palmer","Fo Sho","","","","14","67","0","","","","","","","1","","INTERMEDIATE NON PRO"
"Sammy J Laird","Sunshine N Whizkie","","","","5","70.5","4.5","","","","","","","1","","INTERMEDIATE NON PRO"
"Stefaan Bultinck","Shesa Smokin Spark","","","","11","68","0","","","","","","","1","","INTERMEDIATE NON PRO"
"Preston J Kent","Gunshine For Chic","1","66","10","1","70.5","10","","","","","","","2","20","STALLIONS GELDINGS OPEN"
"Makenzie Banham","Drako","2","57","9","","","","","","","","","","1","","STALLIONS GELDINGS OPEN"
"Mack E Weaver","Apollo Icegunya 76","","0","","","0","","","","","","","","2","","STALLIONS GELDINGS OPEN"
"Mack E Weaver","Spooky Vortex","","0","","","0","","","","","","","","2","","STALLIONS GELDINGS OPEN"
"Kale Shayne Watkins","Trashy Voodoo","","0","","","0","","","","","","","","2","","STALLIONS GELDINGS OPEN"
"Mack E Weaver","Blazed By Magnum","","0","","","0","","","","","","","","2","","STALLIONS GELDINGS OPEN"
"Preston J Kent","Lil Pale Face","","0","","","","","","","","","","","1","","STALLIONS GELDINGS OPEN"
"Julie Prows","Mi Scootin Whiz","","","","","","","","","","","","","","","STALLIONS GELDINGS OPEN"
"Bub Poplin","Bump","","","","","0","","","","","","","","1","","STALLIONS GELDINGS OPEN"
"Kaleb Kearl","Cat San Boon","","","","2","70","9","","","","","","","1","","STALLIONS GELDINGS OPEN"
"Mack E Weaver","SRV Voodoo Child","","","","","","","","","","","","","","","STALLIONS GELDINGS OPEN"
"Shannon Brach","HF Oakielookinchic","","","","","0","","","","","","","","1","","STALLIONS GELDINGS OPEN"
"Preston J Kent","Shiner Voodoo Time","","","","","0","","","","","","","","1","","STALLIONS GELDINGS OPEN"
"Trysten K Paskett","Freeezing Reyn","","","","","0","","","","","","","","1","","STALLIONS GELDINGS OPEN"
"Matthew McDowell","Surge","","","","","0","","","","","","","","1","","STALLIONS GELDINGS OPEN"
"Kathy Valdez","HF The Freak","1","66.5","10","1","70.5","10","","","","","","","2","20","STALLIONS GELDINGS NON PRO"
"Joy R Eddards+","Boomernics Cocktail","2","65.5","9","2","64.5","9","","","","","","","2","","STALLIONS GELDINGS NON PRO"
"Denielle Maire Jones","Its Vintage Per Se","3","63.5","8","","0","","","","","","","","2","","STALLIONS GELDINGS NON PRO"
"Tristan Jade Moulton","Bad Time in Texas","4","62.5","7","","","","","","","","","","1","","STALLIONS GELDINGS NON PRO"
"Dorothy Wolf","Mandolorian","","0","","","0","","","","","","","","2","","STALLIONS GELDINGS NON PRO"
"Juston Palmer","Comin Atcha","","0","","","","","","","","","","","1","","STALLIONS GELDINGS NON PRO"
"Juston Palmer","I Am The Boss","","0","","","","","","","","","","","1","","STALLIONS GELDINGS NON PRO"
"Misty D. Palmer","HF Team Dream","","0","","3","61.5","8","","","","","","","2","","STALLIONS GELDINGS NON PRO"
"Jessica Watkins","Striker Chic Shine","","0","","","","","","","","","","","1","","STALLIONS GELDINGS NON PRO"
"Steve Tyner+","Magnums Little Dream","","0","","","0","","","","","","","","2","","STALLIONS GELDINGS NON PRO"
"Steve Tyner+","HF Chaching Chaching","","0","","","0","","","","","","","","2","","STALLIONS GELDINGS NON PRO"
"Peter Lodder+","Freeze N Slide","","0","","","","","","","","","","","1","","STALLIONS GELDINGS NON PRO"
"Shelly A Withers","AJ Moonshine N Juice","","0","","","","","","","","","","","1","","STALLIONS GELDINGS NON PRO"
"Morgan Emma Hansen","Whiz N Stop","","0","","","","","","","","","","","1","","STALLIONS GELDINGS NON PRO"
"Hadley Thompson","Mighty Montana Nic","","0","","","","","","","","","","","1","","STALLIONS GELDINGS NON PRO"
"Bub Poplin","LC Up In Smoke","","","","","","","","","","","","","","","STALLIONS GELDINGS NON PRO"
"Ruth Armstrong","Mystic Mac","","","","4","60.5","7","","","","","","","1","","STALLIONS GELDINGS NON PRO"
"Kortlyn Brotherson","RL Chic Happens","","","","","0","","","","","","","","1","","STALLIONS GELDINGS NON PRO"
"Glen B Roach+","Alpha Coronalastchic","1","71","10","","","","","","","","","","1","10","MASTERS NON PRO"
"Shalawn F Gerratt","New Leader","2","70.5","9","","","","","","","","","","1","9","MASTERS NON PRO"
"Denise Wilstead+","Gotcha","3","70","8","","","","","","","","","","1","8","MASTERS NON PRO"
"Denise L Dunlap+","LC Still Smokin Em","4","68.5","7","","","","","","","","","","1","7","MASTERS NON PRO"
"Bruce Selk+","Whizful Thinkin","5","67.5","6","","","","","","","","","","1","6","MASTERS NON PRO"
"Claudette Palmer+","Ghost In The Dark","6","66.5","5","","","","","","","","","","1","5","MASTERS NON PRO"
"Peter Lodder+","Freeze N Slide","7","65.5","4","","","","","","","","","","1","4","MASTERS NON PRO"
"Claudette Palmer+","Vintage Wisdom","8","62.5","2.5","","","","","","","","","","1","2.5","MASTERS NON PRO"
"Wesley D Wells","Jessie Smoken Gun","8","62.5","2.5","","","","","","","","","","1","2.5","MASTERS NON PRO"
"Stefaan Bultinck","LC Luna Star","10","61.5","1","","","","","","","","","","1","1","MASTERS NON PRO"
"Arlynn T Kemp+","Electrician","","0","","","","","","","","","","","1","0","MASTERS NON PRO"
"Robyn L Edwards+","Make My Dayz","","0","","","","","","","","","","","1","0","MASTERS NON PRO"
